"track_id","track_name","artist_id","album_name","duration_sec","release_date","updated_at"
1,"Stand-alone intangible encryption",434,"Technology Album",234,"2021-02-09","2025-09-12 19:49:55"
2,"Programmable contextually-based forecast",418,"Current Album",110,"2023-09-30","2025-09-26 19:49:55"
3,"Enhanced tertiary Internet solution",35,"Born Album",195,"2022-01-11","2025-09-11 19:49:55"
4,"Mandatory user-facing framework",54,"Ball Album",167,"2023-06-30","2025-10-02 19:49:55"
5,"Multi-layered needs-based concept",340,"Doctor Album",137,"2022-06-08","2025-10-02 19:49:55"
6,"Synchronized high-level complexity",384,"City Album",250,"2021-10-16","2025-09-22 19:49:55"
7,"Total human-resource structure",317,"Parent Album",194,"2022-08-02","2025-10-07 19:49:55"
8,"Exclusive multimedia matrices",37,"Owner Album",206,"2022-06-22","2025-10-02 19:49:55"
9,"Digitized multimedia hardware",165,"Hand Album",342,"2023-12-03","2025-10-02 19:49:55"
10,"Phased dynamic utilization",15,"Hair Album",199,"2023-12-17","2025-10-07 19:49:55"
11,"Multi-lateral bi-directional hub",286,"Gas Album",276,"2024-07-31","2025-09-18 19:49:55"
12,"Realigned clear-thinking database",295,"Through Album",187,"2021-11-22","2025-10-07 19:49:55"
13,"Public-key mission-critical productivity",339,"Be Album",246,"2024-09-02","2025-09-29 19:49:55"
14,"Optimized upward-trending projection",132,"Measure Album",270,"2021-07-07","2025-09-19 19:49:55"
15,"Up-sized bi-directional neural-net",144,"Project Album",114,"2025-08-08","2025-09-12 19:49:55"
16,"Mandatory even-keeled archive",307,"Remain Album",268,"2021-06-13","2025-09-29 19:49:55"
17,"Implemented transitional knowledge user",164,"General Album",188,"2025-08-22","2025-09-22 19:49:55"
18,"Cross-platform cohesive alliance",78,"My Album",255,"2025-08-20","2025-09-09 19:49:55"
19,"Re-contextualized local extranet",245,"Series Album",138,"2021-02-16","2025-09-12 19:49:55"
20,"Networked 5thgeneration database",374,"Four Album",127,"2024-01-18","2025-09-18 19:49:55"
21,"Secured executive Internet solution",252,"Conference Album",168,"2021-10-01","2025-09-11 19:49:55"
22,"Monitored 4thgeneration firmware",486,"Our Album",198,"2024-09-22","2025-09-25 19:49:55"
23,"Managed well-modulated throughput",397,"Book Album",94,"2024-03-27","2025-09-09 19:49:55"
24,"Customizable asymmetric methodology",312,"Theory Album",349,"2022-05-24","2025-09-12 19:49:55"
25,"Horizontal multimedia Internet solution",202,"Bank Album",204,"2022-06-10","2025-09-07 19:49:55"
26,"Integrated foreground matrix",158,"As Album",233,"2023-06-15","2025-09-19 19:49:55"
27,"Enhanced multi-tasking hub",496,"Ahead Album",360,"2021-03-01","2025-09-15 19:49:55"
28,"Team-oriented tertiary info-mediaries",78,"State Album",302,"2022-12-03","2025-09-17 19:49:55"
29,"Devolved scalable product",59,"Style Album",360,"2021-08-02","2025-09-19 19:49:55"
30,"Realigned tangible website",128,"Range Album",260,"2023-09-10","2025-09-14 19:49:55"
31,"Expanded tertiary firmware",154,"Country Album",323,"2021-09-02","2025-09-20 19:49:55"
32,"Open-source optimal utilization",109,"Effect Album",260,"2024-12-15","2025-09-08 19:49:55"
33,"Realigned tangible algorithm",321,"Base Album",243,"2022-12-21","2025-09-14 19:49:55"
34,"Compatible solution-oriented firmware",337,"Address Album",199,"2025-03-26","2025-10-07 19:49:55"
35,"Versatile well-modulated secured line",180,"Success Album",310,"2021-01-08","2025-09-27 19:49:55"
36,"Organized needs-based functionalities",200,"Affect Album",292,"2021-11-29","2025-09-17 19:49:55"
37,"Upgradable explicit collaboration",49,"Degree Album",330,"2025-04-02","2025-09-18 19:49:55"
38,"Expanded well-modulated function",235,"Resource Album",163,"2023-05-05","2025-10-05 19:49:55"
39,"Future-proofed multi-state approach",499,"Keep Album",347,"2022-07-30","2025-09-30 19:49:55"
40,"Managed 6thgeneration groupware",475,"Above Album",107,"2024-09-22","2025-09-30 19:49:55"
41,"Diverse exuding array",492,"Age Album",359,"2025-02-09","2025-09-12 19:49:55"
42,"Visionary client-driven task-force",178,"Attention Album",276,"2022-12-06","2025-10-01 19:49:55"
43,"Visionary clear-thinking access",389,"Talk Album",328,"2025-04-25","2025-09-12 19:49:55"
44,"Re-engineered stable methodology",187,"Cover Album",150,"2020-11-25","2025-09-09 19:49:55"
45,"Advanced zero-defect time-frame",171,"Course Album",169,"2024-09-08","2025-10-03 19:49:55"
46,"Expanded foreground knowledgebase",225,"Democrat Album",254,"2023-09-08","2025-09-14 19:49:55"
47,"Innovative demand-driven extranet",198,"Wind Album",97,"2024-07-10","2025-09-07 19:49:55"
48,"Object-based tertiary pricing structure",39,"Bill Album",347,"2022-12-06","2025-09-11 19:49:55"
49,"Cloned fresh-thinking moderator",368,"Street Album",163,"2024-08-23","2025-09-18 19:49:55"
50,"Assimilated zero tolerance matrix",223,"Sort Album",316,"2022-12-27","2025-09-30 19:49:55"
51,"Versatile fresh-thinking algorithm",5,"Fire Album",307,"2025-04-20","2025-09-22 19:49:55"
52,"Pre-emptive disintermediate help-desk",114,"Memory Album",313,"2023-07-12","2025-09-12 19:49:55"
53,"Vision-oriented empowering customer loyalty",400,"House Album",347,"2024-08-29","2025-10-06 19:49:55"
54,"Triple-buffered bottom-line conglomeration",464,"Teach Album",279,"2021-07-24","2025-09-11 19:49:55"
55,"Self-enabling transitional policy",469,"Certainly Album",103,"2025-01-23","2025-09-23 19:49:55"
56,"Seamless mobile approach",290,"Her Album",352,"2024-07-02","2025-09-17 19:49:55"
57,"Horizontal client-server methodology",22,"Mind Album",104,"2022-08-17","2025-09-11 19:49:55"
58,"Profit-focused 3rdgeneration productivity",370,"Although Album",146,"2025-01-07","2025-09-15 19:49:55"
59,"Multi-channeled directional extranet",62,"Certainly Album",209,"2025-09-01","2025-09-14 19:49:55"
60,"Diverse exuding support",329,"Score Album",235,"2022-07-15","2025-09-24 19:49:55"
61,"Re-engineered bifurcated leverage",455,"Light Album",133,"2025-08-11","2025-10-04 19:49:55"
62,"Synergized dedicated time-frame",417,"Hard Album",217,"2025-04-22","2025-09-11 19:49:55"
63,"Upgradable human-resource contingency",455,"Eye Album",105,"2021-04-17","2025-09-25 19:49:55"
64,"Switchable solution-oriented adapter",376,"Clear Album",290,"2023-02-27","2025-10-07 19:49:55"
65,"Right-sized multi-tasking info-mediaries",53,"Sea Album",305,"2022-05-23","2025-09-13 19:49:55"
66,"Advanced system-worthy paradigm",493,"Soon Album",218,"2024-12-22","2025-09-30 19:49:55"
67,"Secured intermediate success",164,"Place Album",325,"2021-11-16","2025-10-01 19:49:55"
68,"Focused reciprocal open architecture",120,"Like Album",331,"2022-12-06","2025-09-18 19:49:55"
69,"Face-to-face full-range open system",231,"Station Album",190,"2025-01-27","2025-09-21 19:49:55"
70,"Face-to-face transitional Graphical User Interface",34,"Get Album",98,"2022-01-01","2025-09-24 19:49:55"
71,"Profit-focused fault-tolerant info-mediaries",251,"She Album",151,"2024-05-27","2025-10-06 19:49:55"
72,"Open-source non-volatile forecast",275,"Whatever Album",160,"2023-03-07","2025-09-14 19:49:55"
73,"Fundamental 5thgeneration structure",305,"Race Album",225,"2022-12-25","2025-09-27 19:49:55"
74,"Cross-group 24hour migration",316,"Truth Album",185,"2024-03-31","2025-09-18 19:49:55"
75,"Monitored explicit flexibility",480,"I Album",321,"2021-03-03","2025-09-28 19:49:55"
76,"Sharable even-keeled throughput",282,"Most Album",140,"2024-06-08","2025-09-18 19:49:55"
77,"Enterprise-wide directional moderator",434,"Toward Album",218,"2025-02-24","2025-09-29 19:49:55"
78,"Reverse-engineered grid-enabled middleware",7,"Movie Album",289,"2025-09-07","2025-09-10 19:49:55"
79,"Assimilated bandwidth-monitored policy",316,"Score Album",160,"2021-11-28","2025-10-03 19:49:55"
80,"Cross-platform directional capacity",87,"Risk Album",300,"2021-11-01","2025-09-26 19:49:55"
81,"Optimized zero administration portal",168,"Political Album",132,"2020-11-17","2025-09-20 19:49:55"
82,"Upgradable modular portal",103,"President Album",276,"2021-11-21","2025-09-17 19:49:55"
83,"Intuitive homogeneous productivity",176,"Reduce Album",330,"2021-07-02","2025-10-05 19:49:55"
84,"Distributed client-driven circuit",261,"Item Album",306,"2023-03-07","2025-09-17 19:49:55"
85,"Optional fault-tolerant time-frame",342,"Painting Album",161,"2025-04-17","2025-09-21 19:49:55"
86,"Versatile homogeneous project",94,"Culture Album",246,"2024-08-06","2025-09-09 19:49:55"
87,"Enhanced system-worthy open system",83,"Officer Album",358,"2023-02-12","2025-10-05 19:49:55"
88,"User-friendly fresh-thinking utilization",484,"Can Album",125,"2021-03-31","2025-09-28 19:49:55"
89,"Self-enabling exuding moratorium",334,"Mr Album",129,"2023-03-06","2025-09-16 19:49:55"
90,"Managed asymmetric approach",25,"Career Album",112,"2023-09-13","2025-10-07 19:49:55"
91,"Organic system-worthy benchmark",244,"Price Album",246,"2020-11-07","2025-10-02 19:49:55"
92,"Persistent optimizing instruction set",289,"Beat Album",214,"2020-12-22","2025-09-29 19:49:55"
93,"Profit-focused global encryption",2,"Computer Album",349,"2022-06-13","2025-10-06 19:49:55"
94,"Seamless zero administration neural-net",252,"Fast Album",351,"2021-06-19","2025-09-16 19:49:55"
95,"Total systemic process improvement",48,"Will Album",314,"2021-04-30","2025-09-13 19:49:55"
96,"Sharable well-modulated parallelism",453,"Loss Album",324,"2023-05-16","2025-09-07 19:49:55"
97,"Cross-platform methodical challenge",3,"Choice Album",130,"2025-09-07","2025-09-23 19:49:55"
98,"Enterprise-wide didactic projection",22,"During Album",205,"2023-02-05","2025-10-05 19:49:55"
99,"Team-oriented global emulation",7,"Popular Album",134,"2022-02-03","2025-09-29 19:49:55"
100,"Self-enabling uniform task-force",302,"Southern Album",191,"2022-04-10","2025-09-07 19:49:55"
101,"Mandatory even-keeled moderator",484,"Executive Album",107,"2021-03-16","2025-09-15 19:49:55"
102,"Implemented hybrid implementation",337,"Probably Album",173,"2024-07-31","2025-09-10 19:49:55"
103,"Adaptive systematic capacity",16,"Fire Album",93,"2022-11-19","2025-10-04 19:49:55"
104,"Monitored empowering product",204,"Themselves Album",188,"2024-06-16","2025-09-17 19:49:55"
105,"Operative bandwidth-monitored solution",267,"Simple Album",194,"2024-10-22","2025-09-20 19:49:55"
106,"Centralized zero administration instruction set",408,"And Album",310,"2022-08-04","2025-09-15 19:49:55"
107,"Ameliorated high-level algorithm",176,"Travel Album",254,"2024-11-14","2025-09-15 19:49:55"
108,"Business-focused motivating product",325,"Interview Album",150,"2025-07-25","2025-09-29 19:49:55"
109,"Vision-oriented bandwidth-monitored support",115,"Family Album",242,"2025-01-19","2025-09-25 19:49:55"
110,"User-centric mission-critical capability",100,"Western Album",122,"2022-11-07","2025-09-15 19:49:55"
111,"Reverse-engineered full-range hub",457,"Address Album",225,"2021-05-01","2025-09-26 19:49:55"
112,"Ergonomic system-worthy frame",165,"Staff Album",170,"2020-12-31","2025-09-10 19:49:55"
113,"Optional 24/7 policy",348,"Much Album",245,"2023-10-18","2025-10-04 19:49:55"
114,"Managed bi-directional pricing structure",373,"Letter Album",180,"2025-05-17","2025-09-13 19:49:55"
115,"Switchable didactic system engine",372,"This Album",179,"2022-03-18","2025-09-12 19:49:55"
116,"Networked methodical process improvement",368,"Successful Album",303,"2021-06-25","2025-10-06 19:49:55"
117,"Synergistic heuristic success",98,"Move Album",348,"2021-07-19","2025-09-30 19:49:55"
118,"Function-based systematic policy",324,"Item Album",296,"2023-05-06","2025-09-27 19:49:55"
119,"Cloned even-keeled interface",7,"Defense Album",275,"2021-07-25","2025-09-10 19:49:55"
120,"Profit-focused static strategy",38,"Employee Album",153,"2024-09-04","2025-10-02 19:49:55"
121,"Secured upward-trending concept",214,"Sit Album",153,"2022-03-23","2025-09-08 19:49:55"
122,"Adaptive intermediate application",411,"Different Album",291,"2024-02-05","2025-09-12 19:49:55"
123,"Right-sized solution-oriented encoding",391,"Either Album",337,"2024-09-13","2025-09-28 19:49:55"
124,"Triple-buffered directional info-mediaries",499,"Century Album",300,"2022-12-04","2025-09-17 19:49:55"
125,"Mandatory human-resource neural-net",393,"Bring Album",296,"2025-09-13","2025-09-25 19:49:55"
126,"Enterprise-wide full-range Internet solution",128,"Gas Album",257,"2023-01-30","2025-09-26 19:49:55"
127,"Monitored system-worthy structure",52,"Save Album",334,"2023-10-12","2025-09-29 19:49:55"
128,"Triple-buffered multi-state encoding",251,"Military Album",205,"2023-07-19","2025-09-08 19:49:55"
129,"Ergonomic system-worthy database",45,"Station Album",359,"2021-06-18","2025-09-30 19:49:55"
130,"Fully-configurable coherent leverage",270,"Measure Album",105,"2024-10-25","2025-10-05 19:49:55"
131,"Future-proofed tangible matrix",478,"Possible Album",143,"2023-08-20","2025-09-28 19:49:55"
132,"Integrated national adapter",256,"Sport Album",184,"2024-10-21","2025-09-16 19:49:55"
133,"Compatible background function",471,"Across Album",106,"2021-05-31","2025-09-22 19:49:55"
134,"Fundamental intangible model",228,"Around Album",150,"2024-09-02","2025-09-07 19:49:55"
135,"Assimilated web-enabled focus group",24,"Your Album",249,"2022-07-19","2025-09-27 19:49:55"
136,"Public-key 24hour installation",452,"Environment Album",233,"2024-01-05","2025-10-02 19:49:55"
137,"Enhanced 6thgeneration task-force",226,"Religious Album",95,"2021-12-09","2025-09-30 19:49:55"
138,"Profit-focused directional strategy",412,"Case Album",360,"2025-08-20","2025-09-22 19:49:55"
139,"Focused uniform system engine",4,"Later Album",181,"2022-10-06","2025-09-23 19:49:55"
140,"Down-sized 6thgeneration service-desk",373,"Increase Album",148,"2020-10-26","2025-09-19 19:49:55"
141,"Down-sized clear-thinking open system",102,"Challenge Album",340,"2024-03-21","2025-09-07 19:49:55"
142,"Balanced maximized migration",485,"Meet Album",329,"2022-04-14","2025-09-25 19:49:55"
143,"Cloned full-range algorithm",365,"Power Album",199,"2023-01-21","2025-09-21 19:49:55"
144,"Optimized stable migration",17,"For Album",147,"2025-01-24","2025-09-09 19:49:55"
145,"Function-based mobile circuit",437,"Opportunity Album",180,"2024-05-07","2025-09-17 19:49:55"
146,"Stand-alone system-worthy analyzer",431,"Easy Album",237,"2025-03-26","2025-09-18 19:49:55"
147,"User-friendly radical info-mediaries",151,"Building Album",220,"2022-12-22","2025-09-07 19:49:55"
148,"Synchronized cohesive monitoring",422,"People Album",168,"2021-10-19","2025-09-24 19:49:55"
149,"Digitized client-server encoding",70,"Raise Album",132,"2025-07-11","2025-09-26 19:49:55"
150,"Vision-oriented impactful initiative",283,"Activity Album",170,"2022-05-24","2025-10-04 19:49:55"
151,"Realigned multi-tasking frame",11,"Look Album",323,"2020-12-12","2025-09-29 19:49:55"
152,"Multi-lateral solution-oriented concept",13,"Pretty Album",221,"2024-05-01","2025-09-30 19:49:55"
153,"Pre-emptive neutral standardization",421,"Maintain Album",298,"2025-01-12","2025-09-30 19:49:55"
154,"Organized national methodology",129,"Wind Album",280,"2024-07-04","2025-09-28 19:49:55"
155,"Monitored cohesive capability",260,"Oil Album",295,"2025-07-21","2025-09-20 19:49:55"
156,"Adaptive tangible installation",432,"Heavy Album",171,"2024-04-26","2025-09-16 19:49:55"
157,"Progressive upward-trending contingency",320,"View Album",300,"2023-10-19","2025-09-18 19:49:55"
158,"Fully-configurable clear-thinking help-desk",71,"Light Album",112,"2023-10-04","2025-09-24 19:49:55"
159,"Ameliorated real-time analyzer",125,"Sometimes Album",174,"2024-05-27","2025-10-07 19:49:55"
160,"Switchable mission-critical project",160,"Tonight Album",273,"2025-07-17","2025-09-16 19:49:55"
161,"Robust homogeneous firmware",54,"There Album",353,"2023-03-28","2025-10-04 19:49:55"
162,"Operative attitude-oriented product",157,"Finally Album",215,"2022-03-31","2025-09-11 19:49:55"
163,"Ameliorated mission-critical project",247,"Hear Album",255,"2021-03-11","2025-09-07 19:49:55"
164,"Persevering impactful standardization",195,"After Album",156,"2024-07-30","2025-09-23 19:49:55"
165,"Compatible system-worthy contingency",412,"Time Album",209,"2022-12-23","2025-10-04 19:49:55"
166,"Open-source dynamic projection",153,"Several Album",274,"2024-02-18","2025-10-01 19:49:55"
167,"Organic national database",423,"Miss Album",274,"2024-12-19","2025-09-16 19:49:55"
168,"Ergonomic zero-defect infrastructure",354,"Place Album",134,"2025-04-28","2025-09-20 19:49:55"
169,"Ameliorated zero tolerance info-mediaries",240,"Training Album",340,"2022-07-07","2025-09-25 19:49:55"
170,"Reduced solution-oriented hub",363,"Civil Album",269,"2022-11-04","2025-09-07 19:49:55"
171,"Persistent intermediate concept",478,"Trip Album",350,"2025-01-23","2025-09-26 19:49:55"
172,"Total tangible attitude",493,"Need Album",302,"2021-02-20","2025-09-23 19:49:55"
173,"Multi-channeled multimedia data-warehouse",207,"Describe Album",333,"2021-05-29","2025-09-26 19:49:55"
174,"Integrated asymmetric infrastructure",344,"Large Album",148,"2021-04-16","2025-10-06 19:49:55"
175,"Object-based tangible workforce",453,"Lot Album",152,"2024-03-08","2025-09-23 19:49:55"
176,"Integrated asynchronous success",479,"Amount Album",177,"2023-01-14","2025-09-18 19:49:55"
177,"Team-oriented encompassing encryption",260,"Before Album",358,"2024-03-08","2025-09-24 19:49:55"
178,"Reverse-engineered systemic strategy",161,"Industry Album",132,"2023-06-10","2025-09-21 19:49:55"
179,"Total client-server database",195,"Now Album",94,"2023-10-21","2025-09-27 19:49:55"
180,"Reactive modular database",275,"Few Album",148,"2021-06-15","2025-10-03 19:49:55"
181,"Progressive maximized parallelism",290,"Discuss Album",313,"2021-07-17","2025-10-02 19:49:55"
182,"Customer-focused radical conglomeration",374,"Drop Album",357,"2024-05-09","2025-10-05 19:49:55"
183,"Focused stable workforce",87,"Teach Album",197,"2022-08-27","2025-09-19 19:49:55"
184,"Right-sized holistic functionalities",4,"Suggest Album",244,"2023-10-14","2025-10-01 19:49:55"
185,"Balanced foreground model",156,"Study Album",197,"2021-02-25","2025-10-02 19:49:55"
186,"Advanced global contingency",409,"Scene Album",107,"2022-01-02","2025-09-09 19:49:55"
187,"Decentralized bifurcated database",455,"Thing Album",189,"2025-05-23","2025-10-07 19:49:55"
188,"Optimized asynchronous throughput",100,"Fill Album",154,"2024-08-31","2025-09-28 19:49:55"
189,"Monitored uniform complexity",457,"Probably Album",247,"2024-08-28","2025-09-30 19:49:55"
190,"Upgradable incremental methodology",149,"Near Album",205,"2025-07-20","2025-10-03 19:49:55"
191,"Progressive hybrid matrices",448,"Boy Album",116,"2022-10-17","2025-10-01 19:49:55"
192,"Re-engineered multi-state initiative",69,"Seat Album",218,"2025-01-30","2025-09-16 19:49:55"
193,"Triple-buffered bi-directional website",387,"Rule Album",134,"2023-09-06","2025-09-30 19:49:55"
194,"Up-sized real-time benchmark",485,"Send Album",153,"2021-09-01","2025-09-16 19:49:55"
195,"Centralized tertiary data-warehouse",233,"If Album",210,"2024-07-05","2025-09-07 19:49:55"
196,"Total tangible core",153,"Still Album",328,"2023-05-21","2025-10-07 19:49:55"
197,"Persistent didactic workforce",217,"Range Album",241,"2022-11-05","2025-09-11 19:49:55"
198,"Open-architected stable attitude",338,"Bring Album",231,"2021-12-22","2025-09-13 19:49:55"
199,"Managed zero tolerance hardware",153,"Open Album",187,"2025-06-19","2025-09-12 19:49:55"
200,"Assimilated incremental extranet",459,"Half Album",173,"2025-08-26","2025-10-05 19:49:55"
201,"Integrated zero administration contingency",419,"Recent Album",297,"2021-01-29","2025-10-03 19:49:55"
202,"Progressive multimedia challenge",382,"Defense Album",301,"2022-02-07","2025-09-07 19:49:55"
203,"Synchronized client-server functionalities",235,"Including Album",333,"2023-04-14","2025-09-28 19:49:55"
204,"Profound discrete moderator",361,"Network Album",126,"2021-04-08","2025-09-25 19:49:55"
205,"Open-source incremental product",108,"Staff Album",314,"2021-02-25","2025-09-21 19:49:55"
206,"Vision-oriented hybrid access",486,"Item Album",201,"2025-02-28","2025-09-12 19:49:55"
207,"Focused maximized methodology",352,"Thing Album",114,"2020-11-05","2025-10-03 19:49:55"
208,"Horizontal fault-tolerant function",368,"Hope Album",181,"2020-11-09","2025-09-30 19:49:55"
209,"Versatile discrete contingency",56,"Structure Album",180,"2023-08-18","2025-10-06 19:49:55"
210,"Quality-focused global ability",379,"Energy Album",275,"2024-07-20","2025-09-19 19:49:55"
211,"Multi-layered full-range database",170,"Yeah Album",266,"2021-10-18","2025-09-10 19:49:55"
212,"Stand-alone global forecast",85,"Past Album",325,"2021-10-16","2025-10-02 19:49:55"
213,"Cross-platform 5thgeneration system engine",480,"Son Album",223,"2023-04-22","2025-09-14 19:49:55"
214,"Right-sized 4thgeneration neural-net",267,"See Album",163,"2025-09-01","2025-10-04 19:49:55"
215,"Monitored non-volatile groupware",17,"Data Album",184,"2020-12-30","2025-09-29 19:49:55"
216,"Adaptive 4thgeneration adapter",103,"Democratic Album",331,"2024-02-01","2025-09-17 19:49:55"
217,"De-engineered clear-thinking middleware",290,"End Album",337,"2021-05-09","2025-09-10 19:49:55"
218,"Innovative background standardization",475,"Old Album",298,"2024-07-05","2025-09-21 19:49:55"
219,"Progressive radical hierarchy",38,"Firm Album",185,"2024-03-14","2025-09-21 19:49:55"
220,"Multi-layered neutral solution",12,"I Album",128,"2025-01-19","2025-09-17 19:49:55"
221,"Organic contextually-based open system",374,"Whose Album",275,"2023-04-10","2025-09-07 19:49:55"
222,"Integrated zero administration productivity",424,"Choose Album",294,"2023-06-25","2025-10-01 19:49:55"
223,"Realigned high-level concept",90,"Let Album",333,"2023-09-26","2025-09-27 19:49:55"
224,"Down-sized exuding system engine",336,"Effort Album",119,"2024-08-25","2025-10-06 19:49:55"
225,"Seamless next generation success",159,"Decade Album",239,"2025-02-25","2025-09-11 19:49:55"
226,"Enhanced optimal info-mediaries",3,"Continue Album",102,"2024-10-24","2025-10-03 19:49:55"
227,"Re-contextualized exuding customer loyalty",159,"Hard Album",334,"2024-01-11","2025-09-24 19:49:55"
228,"Streamlined reciprocal interface",477,"Manage Album",230,"2024-06-19","2025-10-02 19:49:55"
229,"Re-engineered mission-critical migration",239,"Process Album",291,"2023-09-06","2025-10-07 19:49:55"
230,"Function-based empowering help-desk",91,"On Album",306,"2025-09-15","2025-09-16 19:49:55"
231,"Cloned homogeneous portal",151,"Seem Album",344,"2023-03-02","2025-09-18 19:49:55"
232,"Persistent modular database",183,"Audience Album",225,"2023-03-21","2025-10-07 19:49:55"
233,"Digitized eco-centric artificial intelligence",273,"Court Album",219,"2023-12-11","2025-10-04 19:49:55"
234,"Devolved mission-critical attitude",112,"Size Album",123,"2024-06-19","2025-09-13 19:49:55"
235,"Focused foreground Graphical User Interface",248,"Sometimes Album",242,"2021-05-07","2025-09-21 19:49:55"
236,"Enhanced contextually-based core",62,"Anything Album",192,"2025-07-16","2025-09-30 19:49:55"
237,"Persistent composite ability",399,"Board Album",144,"2021-05-02","2025-09-29 19:49:55"
238,"Persistent needs-based artificial intelligence",302,"Outside Album",129,"2025-09-25","2025-09-16 19:49:55"
239,"Enterprise-wide solution-oriented structure",402,"Resource Album",278,"2021-01-16","2025-09-13 19:49:55"
240,"Managed demand-driven access",26,"Ok Album",308,"2021-03-29","2025-10-02 19:49:55"
241,"Inverse mobile hardware",128,"Sister Album",267,"2024-02-02","2025-09-18 19:49:55"
242,"Organic holistic capability",284,"Give Album",137,"2023-09-29","2025-09-14 19:49:55"
243,"Compatible mission-critical contingency",452,"Keep Album",200,"2023-09-19","2025-09-24 19:49:55"
244,"Implemented dynamic secured line",395,"Candidate Album",330,"2022-09-04","2025-10-01 19:49:55"
245,"Digitized context-sensitive adapter",347,"Speech Album",264,"2023-05-28","2025-09-24 19:49:55"
246,"Integrated radical array",15,"Sea Album",302,"2024-10-02","2025-09-19 19:49:55"
247,"Streamlined fault-tolerant middleware",105,"Into Album",302,"2021-04-02","2025-09-11 19:49:55"
248,"Expanded zero-defect implementation",435,"Any Album",291,"2021-03-27","2025-09-14 19:49:55"
249,"Enterprise-wide composite methodology",388,"Dream Album",240,"2021-08-19","2025-10-06 19:49:55"
250,"Self-enabling leadingedge initiative",6,"Factor Album",111,"2022-06-03","2025-09-12 19:49:55"
251,"Synergistic optimizing installation",221,"Both Album",92,"2021-04-02","2025-09-10 19:49:55"
252,"Compatible fault-tolerant data-warehouse",21,"Child Album",256,"2021-11-12","2025-09-24 19:49:55"
253,"Pre-emptive dynamic matrix",330,"Stage Album",227,"2025-05-09","2025-09-08 19:49:55"
254,"Robust zero-defect analyzer",258,"View Album",338,"2023-02-16","2025-09-08 19:49:55"
255,"Managed needs-based neural-net",85,"Baby Album",219,"2022-01-28","2025-09-28 19:49:55"
256,"Adaptive stable portal",190,"High Album",184,"2023-10-19","2025-10-07 19:49:55"
257,"Diverse 3rdgeneration synergy",33,"Test Album",355,"2023-07-16","2025-09-08 19:49:55"
258,"Synchronized coherent algorithm",435,"Rise Album",185,"2024-10-25","2025-09-20 19:49:55"
259,"Assimilated content-based adapter",491,"Concern Album",158,"2021-07-17","2025-09-12 19:49:55"
260,"Organized foreground focus group",2,"Treat Album",197,"2025-09-06","2025-10-05 19:49:55"
261,"Quality-focused human-resource migration",435,"Usually Album",329,"2021-05-01","2025-09-20 19:49:55"
262,"Adaptive bottom-line benchmark",112,"Front Album",352,"2021-09-07","2025-09-09 19:49:55"
263,"Expanded homogeneous extranet",43,"Trouble Album",97,"2023-05-25","2025-09-13 19:49:55"
264,"Enterprise-wide systematic superstructure",413,"Medical Album",185,"2025-05-19","2025-09-20 19:49:55"
265,"Multi-channeled neutral encoding",298,"Culture Album",282,"2021-06-03","2025-09-17 19:49:55"
266,"Synergized actuating forecast",143,"Room Album",121,"2020-11-16","2025-09-21 19:49:55"
267,"Focused executive success",154,"Eight Album",183,"2022-02-09","2025-10-01 19:49:55"
268,"Centralized context-sensitive intranet",213,"A Album",322,"2023-05-24","2025-09-11 19:49:55"
269,"Inverse clear-thinking info-mediaries",476,"Hot Album",145,"2022-08-17","2025-10-07 19:49:55"
270,"Exclusive contextually-based structure",364,"Half Album",328,"2023-05-26","2025-09-08 19:49:55"
271,"Advanced responsive extranet",163,"Relate Album",168,"2023-08-19","2025-09-24 19:49:55"
272,"Streamlined high-level implementation",478,"Number Album",308,"2025-04-01","2025-09-30 19:49:55"
273,"Customer-focused radical matrices",148,"Oil Album",304,"2023-03-04","2025-09-27 19:49:55"
274,"Customer-focused eco-centric methodology",215,"Week Album",315,"2024-11-25","2025-09-18 19:49:55"
275,"Multi-lateral encompassing product",236,"Study Album",171,"2021-05-11","2025-09-27 19:49:55"
276,"Balanced content-based contingency",385,"Ahead Album",127,"2023-06-01","2025-10-02 19:49:55"
277,"User-centric mission-critical core",425,"Claim Album",228,"2022-09-08","2025-09-14 19:49:55"
278,"Triple-buffered multi-tasking help-desk",82,"Window Album",235,"2025-09-06","2025-09-16 19:49:55"
279,"User-friendly neutral artificial intelligence",354,"South Album",246,"2023-01-30","2025-09-09 19:49:55"
280,"Total coherent time-frame",452,"Rather Album",150,"2024-09-29","2025-09-08 19:49:55"
281,"Fundamental zero administration model",28,"Owner Album",155,"2022-10-09","2025-09-23 19:49:55"
282,"Monitored neutral productivity",469,"Education Album",142,"2020-10-18","2025-09-21 19:49:55"
283,"Total modular utilization",353,"Discover Album",185,"2022-11-24","2025-09-20 19:49:55"
284,"Front-line maximized installation",394,"Eye Album",242,"2023-08-17","2025-09-13 19:49:55"
285,"Vision-oriented foreground array",299,"Hundred Album",267,"2023-10-01","2025-09-09 19:49:55"
286,"Synchronized motivating budgetary management",358,"Into Album",359,"2025-05-31","2025-09-28 19:49:55"
287,"Public-key multi-tasking hub",223,"Staff Album",269,"2022-05-28","2025-09-13 19:49:55"
288,"Secured 24hour capability",31,"Week Album",196,"2021-02-06","2025-09-08 19:49:55"
289,"Assimilated system-worthy monitoring",335,"Power Album",203,"2025-07-07","2025-09-20 19:49:55"
290,"Phased bifurcated definition",98,"Support Album",342,"2021-10-22","2025-10-06 19:49:55"
291,"Managed interactive contingency",123,"Game Album",311,"2020-11-30","2025-09-09 19:49:55"
292,"Future-proofed global Graphical User Interface",370,"Hospital Album",211,"2022-09-10","2025-09-30 19:49:55"
293,"Secured incremental middleware",219,"Theory Album",294,"2023-09-10","2025-09-25 19:49:55"
294,"Reduced tangible installation",11,"Fact Album",350,"2022-09-15","2025-09-27 19:49:55"
295,"User-friendly dedicated implementation",457,"Phone Album",205,"2022-08-24","2025-09-17 19:49:55"
296,"Fully-configurable hybrid leverage",475,"Exist Album",208,"2023-09-14","2025-09-28 19:49:55"
297,"Progressive bifurcated orchestration",370,"So Album",163,"2024-01-27","2025-09-23 19:49:55"
298,"Operative homogeneous success",478,"Will Album",176,"2024-10-05","2025-09-30 19:49:55"
299,"Up-sized 24/7 migration",109,"Son Album",91,"2022-12-19","2025-09-10 19:49:55"
300,"Enhanced clear-thinking functionalities",79,"Him Album",237,"2021-12-01","2025-09-08 19:49:55"
301,"Extended dynamic core",468,"Stand Album",294,"2024-07-18","2025-09-21 19:49:55"
302,"User-centric multi-tasking array",7,"Sea Album",319,"2021-06-13","2025-09-10 19:49:55"
303,"Streamlined cohesive concept",344,"Wish Album",240,"2023-08-13","2025-10-05 19:49:55"
304,"Total multimedia capability",157,"Again Album",139,"2023-08-19","2025-10-03 19:49:55"
305,"Function-based optimizing moratorium",404,"My Album",239,"2024-10-22","2025-09-11 19:49:55"
306,"Switchable stable superstructure",164,"Almost Album",182,"2023-04-04","2025-09-10 19:49:55"
307,"Synergistic static contingency",414,"Always Album",207,"2022-10-11","2025-09-07 19:49:55"
308,"Function-based tangible throughput",321,"Under Album",215,"2022-09-14","2025-10-07 19:49:55"
309,"Up-sized analyzing task-force",439,"Almost Album",165,"2022-07-30","2025-09-12 19:49:55"
310,"Up-sized needs-based benchmark",309,"Action Album",348,"2025-08-11","2025-09-16 19:49:55"
311,"Grass-roots didactic throughput",371,"Me Album",170,"2025-08-22","2025-09-10 19:49:55"
312,"Cloned analyzing complexity",302,"Fine Album",106,"2022-07-10","2025-09-25 19:49:55"
313,"Pre-emptive radical Internet solution",272,"Analysis Album",294,"2024-10-05","2025-10-05 19:49:55"
314,"Up-sized transitional support",487,"Toward Album",204,"2025-07-21","2025-09-10 19:49:55"
315,"Intuitive transitional interface",172,"Professional Album",214,"2021-03-20","2025-10-05 19:49:55"
316,"Progressive 24/7 analyzer",98,"Tax Album",315,"2021-03-17","2025-09-23 19:49:55"
317,"Compatible hybrid access",384,"Eat Album",154,"2024-09-24","2025-09-24 19:49:55"
318,"Team-oriented optimizing paradigm",120,"Challenge Album",137,"2021-06-25","2025-09-16 19:49:55"
319,"Intuitive neutral array",288,"Indeed Album",131,"2025-09-09","2025-10-04 19:49:55"
320,"User-centric object-oriented moratorium",250,"Speak Album",304,"2023-05-06","2025-09-26 19:49:55"
321,"Adaptive real-time data-warehouse",494,"Democratic Album",140,"2023-08-02","2025-09-13 19:49:55"
322,"Customizable solution-oriented pricing structure",100,"Head Album",136,"2022-03-24","2025-09-16 19:49:55"
323,"Digitized even-keeled project",141,"Across Album",109,"2021-02-11","2025-10-04 19:49:55"
324,"Polarized empowering alliance",313,"Firm Album",258,"2021-12-01","2025-09-14 19:49:55"
325,"Robust context-sensitive array",404,"Best Album",102,"2021-01-19","2025-09-08 19:49:55"
326,"Fundamental actuating migration",467,"Boy Album",170,"2021-02-26","2025-09-13 19:49:55"
327,"Polarized clear-thinking parallelism",483,"Employee Album",350,"2025-10-03","2025-10-04 19:49:55"
328,"Reverse-engineered multi-state system engine",237,"Chair Album",121,"2022-12-18","2025-10-06 19:49:55"
329,"Profit-focused bandwidth-monitored website",8,"Blood Album",273,"2022-11-14","2025-10-02 19:49:55"
330,"Synchronized foreground software",47,"Yourself Album",318,"2025-05-31","2025-09-21 19:49:55"
331,"Reduced disintermediate open system",296,"Land Album",192,"2024-02-28","2025-09-14 19:49:55"
332,"Open-source optimizing customer loyalty",171,"Event Album",110,"2024-01-02","2025-09-30 19:49:55"
333,"Distributed foreground portal",452,"Few Album",345,"2024-08-10","2025-10-06 19:49:55"
334,"Synergized modular policy",247,"Way Album",357,"2022-10-27","2025-09-17 19:49:55"
335,"Focused background focus group",468,"Just Album",211,"2023-10-15","2025-09-07 19:49:55"
336,"Implemented background matrices",254,"Agree Album",322,"2021-10-09","2025-09-22 19:49:55"
337,"Persevering optimizing secured line",92,"Health Album",356,"2022-01-23","2025-09-18 19:49:55"
338,"Optional even-keeled support",34,"Focus Album",344,"2020-11-04","2025-09-16 19:49:55"
339,"Advanced secondary analyzer",123,"Doctor Album",341,"2025-05-22","2025-09-27 19:49:55"
340,"Customizable dedicated success",16,"Mr Album",311,"2021-03-19","2025-09-30 19:49:55"
341,"Front-line object-oriented array",66,"None Album",356,"2023-10-11","2025-09-16 19:49:55"
342,"Vision-oriented impactful toolset",494,"Learn Album",343,"2024-06-19","2025-10-03 19:49:55"
343,"Mandatory local archive",376,"Hospital Album",155,"2021-11-04","2025-09-28 19:49:55"
344,"Self-enabling value-added middleware",168,"Check Album",340,"2022-06-01","2025-09-30 19:49:55"
345,"Expanded web-enabled task-force",142,"Represent Album",309,"2022-04-12","2025-09-14 19:49:55"
346,"Decentralized disintermediate complexity",111,"Response Album",329,"2021-01-30","2025-09-08 19:49:55"
347,"Triple-buffered even-keeled strategy",428,"Material Album",90,"2023-02-05","2025-10-03 19:49:55"
348,"Cross-platform 5thgeneration hub",379,"Account Album",140,"2023-11-02","2025-09-07 19:49:55"
349,"Enterprise-wide bi-directional success",32,"It Album",309,"2024-08-24","2025-09-25 19:49:55"
350,"Operative logistical alliance",252,"Foot Album",184,"2022-02-07","2025-09-10 19:49:55"
351,"Reduced methodical moderator",70,"Attorney Album",269,"2025-03-31","2025-09-14 19:49:55"
352,"Re-contextualized incremental support",477,"Candidate Album",263,"2021-04-24","2025-10-01 19:49:55"
353,"Seamless actuating architecture",276,"Carry Album",148,"2025-05-02","2025-09-22 19:49:55"
354,"Monitored solution-oriented benchmark",258,"Weight Album",204,"2023-10-22","2025-09-30 19:49:55"
355,"Horizontal homogeneous time-frame",163,"Thus Album",98,"2022-01-13","2025-10-07 19:49:55"
356,"Integrated next generation protocol",356,"Offer Album",115,"2023-05-23","2025-09-28 19:49:55"
357,"Mandatory asynchronous monitoring",68,"Manager Album",160,"2023-08-19","2025-10-05 19:49:55"
358,"Robust directional complexity",232,"Quality Album",118,"2024-10-17","2025-09-17 19:49:55"
359,"Triple-buffered 3rdgeneration standardization",445,"They Album",182,"2023-09-15","2025-09-22 19:49:55"
360,"Business-focused fault-tolerant emulation",411,"Rest Album",316,"2021-06-17","2025-09-26 19:49:55"
361,"Intuitive content-based algorithm",180,"People Album",254,"2023-05-27","2025-09-21 19:49:55"
362,"User-centric regional open system",234,"Suggest Album",294,"2025-04-29","2025-09-09 19:49:55"
363,"Customizable high-level knowledge user",135,"Unit Album",199,"2025-03-08","2025-09-15 19:49:55"
364,"De-engineered 4thgeneration support",174,"Black Album",328,"2021-02-08","2025-09-22 19:49:55"
365,"User-friendly 4thgeneration contingency",334,"Gun Album",261,"2021-09-20","2025-10-07 19:49:55"
366,"Mandatory 6thgeneration conglomeration",375,"Billion Album",103,"2024-05-30","2025-10-02 19:49:55"
367,"Multi-layered client-driven instruction set",376,"Goal Album",140,"2024-02-25","2025-09-11 19:49:55"
368,"Managed system-worthy archive",14,"Among Album",246,"2021-11-22","2025-09-24 19:49:55"
369,"Universal cohesive projection",487,"Clear Album",135,"2023-12-21","2025-09-09 19:49:55"
370,"Streamlined multi-state middleware",139,"Time Album",93,"2021-08-11","2025-09-07 19:49:55"
371,"Sharable 24hour projection",93,"Plant Album",311,"2022-07-28","2025-09-27 19:49:55"
372,"Monitored client-driven moderator",272,"Fill Album",314,"2024-05-24","2025-09-23 19:49:55"
373,"Realigned 3rdgeneration analyzer",368,"Especially Album",128,"2023-06-29","2025-09-25 19:49:55"
374,"Optional bottom-line matrices",68,"Get Album",283,"2021-08-07","2025-10-04 19:49:55"
375,"Pre-emptive coherent throughput",451,"Detail Album",288,"2023-10-01","2025-09-08 19:49:55"
376,"Configurable logistical capability",435,"Thousand Album",294,"2025-06-14","2025-09-10 19:49:55"
377,"Organized disintermediate strategy",149,"Bill Album",94,"2023-04-20","2025-09-21 19:49:55"
378,"Upgradable system-worthy migration",200,"Go Album",306,"2023-01-28","2025-09-29 19:49:55"
379,"Advanced web-enabled Graphical User Interface",338,"Improve Album",334,"2023-09-04","2025-09-13 19:49:55"
380,"Balanced secondary hub",74,"Girl Album",177,"2022-06-17","2025-09-15 19:49:55"
381,"Public-key 5thgeneration help-desk",60,"Change Album",258,"2024-07-01","2025-09-14 19:49:55"
382,"Re-contextualized secondary knowledge user",193,"Information Album",215,"2022-11-30","2025-09-08 19:49:55"
383,"Decentralized regional protocol",207,"This Album",351,"2022-11-11","2025-09-25 19:49:55"
384,"Balanced intangible firmware",480,"Money Album",270,"2020-11-21","2025-09-13 19:49:55"
385,"Open-source incremental productivity",44,"Stay Album",226,"2020-10-20","2025-10-04 19:49:55"
386,"Multi-lateral executive frame",11,"Type Album",300,"2024-10-18","2025-10-01 19:49:55"
387,"Optional needs-based architecture",36,"General Album",161,"2024-01-07","2025-09-09 19:49:55"
388,"Integrated scalable flexibility",40,"Response Album",223,"2022-02-03","2025-09-19 19:49:55"
389,"Multi-lateral client-server implementation",163,"Executive Album",94,"2021-07-19","2025-09-29 19:49:55"
390,"Visionary empowering success",452,"Section Album",230,"2023-09-14","2025-09-11 19:49:55"
391,"Operative 24hour neural-net",29,"Inside Album",195,"2022-03-24","2025-09-29 19:49:55"
392,"Self-enabling multi-state success",13,"Around Album",316,"2023-07-30","2025-09-21 19:49:55"
393,"Profit-focused fresh-thinking circuit",116,"Life Album",277,"2022-03-07","2025-09-07 19:49:55"
394,"Object-based mobile strategy",214,"Really Album",307,"2021-03-18","2025-09-23 19:49:55"
395,"Progressive real-time policy",160,"Sign Album",333,"2022-05-28","2025-09-22 19:49:55"
396,"Multi-channeled neutral capability",27,"North Album",299,"2025-06-26","2025-09-20 19:49:55"
397,"Quality-focused empowering portal",196,"Write Album",107,"2021-08-03","2025-09-13 19:49:55"
398,"Organized bottom-line application",455,"Support Album",315,"2022-07-14","2025-09-21 19:49:55"
399,"Up-sized optimizing instruction set",445,"Hair Album",278,"2023-01-29","2025-09-19 19:49:55"
400,"Versatile responsive groupware",399,"Light Album",110,"2024-11-03","2025-09-28 19:49:55"
401,"Public-key web-enabled firmware",153,"May Album",101,"2022-09-03","2025-10-05 19:49:55"
402,"Reduced radical archive",464,"Space Album",271,"2025-06-20","2025-09-26 19:49:55"
403,"Stand-alone multimedia help-desk",312,"Stock Album",142,"2022-12-24","2025-09-18 19:49:55"
404,"Integrated holistic Internet solution",68,"Simply Album",220,"2022-07-25","2025-09-28 19:49:55"
405,"Monitored maximized initiative",444,"Central Album",268,"2021-05-06","2025-09-08 19:49:55"
406,"Function-based upward-trending hardware",214,"Recent Album",339,"2024-02-14","2025-10-02 19:49:55"
407,"Automated static intranet",109,"Many Album",194,"2023-10-13","2025-10-03 19:49:55"
408,"Down-sized homogeneous function",99,"Way Album",115,"2024-05-09","2025-09-11 19:49:55"
409,"Intuitive fault-tolerant throughput",399,"I Album",292,"2020-10-15","2025-10-01 19:49:55"
410,"Switchable disintermediate utilization",211,"But Album",156,"2022-07-07","2025-10-02 19:49:55"
411,"Streamlined local database",202,"Development Album",100,"2024-04-24","2025-09-25 19:49:55"
412,"Future-proofed composite utilization",427,"Fact Album",202,"2023-03-23","2025-09-13 19:49:55"
413,"Front-line national array",47,"Organization Album",357,"2022-10-01","2025-09-08 19:49:55"
414,"Object-based encompassing hierarchy",226,"Law Album",272,"2025-02-24","2025-09-27 19:49:55"
415,"Balanced neutral interface",238,"Language Album",341,"2021-09-22","2025-10-07 19:49:55"
416,"Extended motivating info-mediaries",29,"Wrong Album",107,"2023-09-14","2025-09-18 19:49:55"
417,"Down-sized directional monitoring",291,"Early Album",317,"2022-03-31","2025-10-01 19:49:55"
418,"Automated human-resource toolset",90,"Like Album",144,"2023-01-12","2025-09-25 19:49:55"
419,"Optional hybrid hierarchy",300,"Not Album",221,"2023-05-14","2025-09-30 19:49:55"
420,"Secured holistic firmware",148,"You Album",275,"2022-10-07","2025-09-27 19:49:55"
421,"Decentralized neutral complexity",406,"Collection Album",328,"2023-04-25","2025-10-05 19:49:55"
422,"Quality-focused systemic benchmark",32,"Force Album",119,"2024-10-11","2025-09-07 19:49:55"
423,"Customer-focused zero tolerance analyzer",351,"Land Album",274,"2022-05-04","2025-09-16 19:49:55"
424,"Self-enabling local Local Area Network",50,"Computer Album",238,"2022-10-08","2025-09-28 19:49:55"
425,"Advanced bandwidth-monitored data-warehouse",443,"Stand Album",250,"2022-11-12","2025-09-20 19:49:55"
426,"Synchronized next generation knowledgebase",342,"Class Album",99,"2021-06-07","2025-09-07 19:49:55"
427,"Organized empowering Local Area Network",314,"Stand Album",156,"2020-10-14","2025-09-21 19:49:55"
428,"Future-proofed explicit adapter",61,"Into Album",206,"2025-04-09","2025-09-24 19:49:55"
429,"Exclusive mobile help-desk",289,"Security Album",329,"2024-07-10","2025-09-29 19:49:55"
430,"Organic zero administration emulation",440,"Opportunity Album",198,"2021-08-17","2025-09-08 19:49:55"
431,"Mandatory motivating interface",416,"Road Album",256,"2025-05-22","2025-09-16 19:49:55"
432,"Optimized global frame",295,"To Album",347,"2022-01-13","2025-09-18 19:49:55"
433,"Persevering actuating migration",213,"Follow Album",108,"2021-05-10","2025-09-25 19:49:55"
434,"Total disintermediate frame",202,"Source Album",265,"2022-10-22","2025-09-21 19:49:55"
435,"Customizable systematic function",68,"Although Album",238,"2023-03-01","2025-09-25 19:49:55"
436,"Quality-focused multimedia definition",332,"Recent Album",228,"2024-04-05","2025-09-11 19:49:55"
437,"De-engineered bifurcated support",485,"Quite Album",171,"2022-02-08","2025-10-04 19:49:55"
438,"User-friendly dynamic groupware",130,"Sing Album",332,"2023-08-17","2025-09-13 19:49:55"
439,"Cross-platform multimedia framework",9,"Always Album",335,"2022-11-20","2025-10-06 19:49:55"
440,"Secured optimal intranet",222,"Democratic Album",198,"2023-04-28","2025-09-29 19:49:55"
441,"Ergonomic zero-defect infrastructure",472,"Whom Album",187,"2021-08-17","2025-09-08 19:49:55"
442,"Triple-buffered systemic array",143,"Fight Album",323,"2022-07-25","2025-10-04 19:49:55"
443,"Enhanced fault-tolerant matrix",405,"Crime Album",115,"2025-01-14","2025-10-05 19:49:55"
444,"Realigned systematic frame",481,"From Album",156,"2024-11-26","2025-09-14 19:49:55"
445,"Function-based foreground protocol",102,"Main Album",150,"2021-05-31","2025-09-25 19:49:55"
446,"Exclusive optimal workforce",470,"Up Album",256,"2023-11-12","2025-10-01 19:49:55"
447,"Cross-group 3rdgeneration task-force",349,"Bank Album",198,"2024-12-12","2025-09-22 19:49:55"
448,"Multi-tiered modular strategy",492,"Past Album",314,"2023-04-02","2025-09-28 19:49:55"
449,"Distributed heuristic orchestration",310,"Minute Album",310,"2022-10-23","2025-09-30 19:49:55"
450,"Public-key logistical application",335,"Career Album",101,"2025-02-12","2025-10-01 19:49:55"
451,"Monitored optimizing approach",329,"Worker Album",315,"2025-02-02","2025-09-14 19:49:55"
452,"Persevering motivating approach",433,"Rate Album",170,"2025-08-29","2025-09-25 19:49:55"
453,"Customizable well-modulated Graphical User Interface",250,"Future Album",193,"2022-12-08","2025-10-03 19:49:55"
454,"Pre-emptive clear-thinking utilization",237,"Garden Album",200,"2021-06-21","2025-09-15 19:49:55"
455,"Monitored web-enabled implementation",416,"Senior Album",211,"2023-11-26","2025-10-05 19:49:55"
456,"Progressive user-facing service-desk",143,"Capital Album",152,"2022-04-16","2025-09-14 19:49:55"
457,"Visionary full-range Graphic Interface",377,"Energy Album",240,"2023-05-18","2025-09-25 19:49:55"
458,"Fully-configurable discrete implementation",446,"Remember Album",202,"2024-03-28","2025-10-05 19:49:55"
459,"Extended uniform collaboration",419,"Quite Album",181,"2021-01-13","2025-09-30 19:49:55"
460,"User-friendly regional capacity",320,"State Album",136,"2023-09-05","2025-09-16 19:49:55"
461,"Adaptive explicit hardware",182,"Fly Album",142,"2021-10-11","2025-09-28 19:49:55"
462,"Programmable multi-tasking instruction set",87,"Movement Album",357,"2025-02-28","2025-09-26 19:49:55"
463,"Function-based foreground time-frame",456,"Where Album",142,"2024-03-04","2025-09-16 19:49:55"
464,"Managed intermediate benchmark",210,"Catch Album",160,"2021-11-10","2025-10-01 19:49:55"
465,"Optimized next generation model",282,"Option Album",110,"2023-06-04","2025-09-10 19:49:55"
466,"Quality-focused national neural-net",146,"Song Album",109,"2021-06-28","2025-09-14 19:49:55"
467,"Balanced dynamic contingency",214,"Stand Album",100,"2023-04-17","2025-09-22 19:49:55"
468,"Switchable even-keeled intranet",307,"Ask Album",360,"2021-04-02","2025-10-01 19:49:55"
469,"Balanced interactive projection",2,"Future Album",189,"2023-07-16","2025-09-12 19:49:55"
470,"Compatible foreground benchmark",376,"Whatever Album",176,"2023-01-21","2025-09-09 19:49:55"
471,"Right-sized demand-driven moderator",440,"Imagine Album",230,"2021-06-20","2025-09-20 19:49:55"
472,"Switchable asymmetric challenge",278,"Meet Album",110,"2023-06-14","2025-09-14 19:49:55"
473,"Seamless multi-state capacity",232,"Defense Album",254,"2023-01-24","2025-10-07 19:49:55"
474,"Realigned reciprocal forecast",158,"Throughout Album",224,"2023-05-01","2025-10-03 19:49:55"
475,"Devolved mobile analyzer",42,"Room Album",348,"2025-06-04","2025-09-14 19:49:55"
476,"Object-based heuristic synergy",312,"Action Album",266,"2025-03-14","2025-09-17 19:49:55"
477,"Horizontal disintermediate portal",228,"He Album",237,"2025-08-09","2025-09-10 19:49:55"
478,"Versatile reciprocal frame",119,"None Album",200,"2020-10-17","2025-09-23 19:49:55"
479,"Proactive exuding project",478,"Certain Album",198,"2023-09-17","2025-09-30 19:49:55"
480,"Automated empowering matrices",70,"Himself Album",151,"2021-02-03","2025-09-25 19:49:55"
481,"Sharable interactive frame",104,"Shoulder Album",298,"2024-02-21","2025-09-08 19:49:55"
482,"Profound 6thgeneration Graphic Interface",493,"Character Album",283,"2021-02-07","2025-09-30 19:49:55"
483,"Networked interactive forecast",226,"Improve Album",215,"2020-12-10","2025-10-04 19:49:55"
484,"Sharable systematic implementation",117,"Instead Album",95,"2021-09-12","2025-09-13 19:49:55"
485,"Enhanced fresh-thinking database",103,"Our Album",194,"2025-07-25","2025-09-11 19:49:55"
486,"Exclusive web-enabled success",243,"Claim Album",111,"2025-07-28","2025-10-05 19:49:55"
487,"User-centric zero-defect encoding",34,"Practice Album",177,"2025-07-22","2025-09-27 19:49:55"
488,"Intuitive system-worthy help-desk",177,"Citizen Album",308,"2023-11-06","2025-09-29 19:49:55"
489,"Vision-oriented full-range process improvement",300,"Middle Album",330,"2025-03-16","2025-10-06 19:49:55"
490,"Automated client-server pricing structure",354,"Central Album",148,"2023-01-10","2025-09-19 19:49:55"
491,"Expanded zero tolerance attitude",212,"Say Album",248,"2025-02-10","2025-09-26 19:49:55"
492,"Vision-oriented high-level function",489,"Million Album",359,"2022-05-08","2025-09-11 19:49:55"
493,"Reactive composite challenge",22,"Discuss Album",237,"2025-06-18","2025-09-26 19:49:55"
494,"Cloned high-level model",477,"Well Album",235,"2023-07-01","2025-09-17 19:49:55"
495,"Multi-layered global protocol",462,"List Album",107,"2024-04-13","2025-09-17 19:49:55"
496,"Reverse-engineered human-resource encryption",142,"Right Album",359,"2025-06-23","2025-09-09 19:49:55"
497,"Open-architected intangible architecture",328,"Budget Album",240,"2022-11-22","2025-09-08 19:49:55"
498,"Re-engineered dedicated strategy",278,"Dark Album",327,"2025-03-20","2025-10-05 19:49:55"
499,"Implemented real-time knowledge user",248,"Break Album",348,"2023-12-24","2025-10-07 19:49:55"
500,"Intuitive neutral software",377,"Identify Album",219,"2023-11-04","2025-09-08 19:49:55"
